USDRUB;RUBUSD
71.2371;0.01403762926901853
71.2371;0.01403762926901853
71.2371;0.01403762926901853
71.2371;0.01403762926901853
71.2371;0.01403762926901853
71.2371;0.01403762926901853
71.2371;0.01403762926901853
71.2371;0.01403762926901853
71.2371;0.01403762926901853
71.2371;0.01403762926901853
